Timestamp,Compiler,Version,Optimization,Architecture,Additional Flags,CPU Model,Virtualization,Virtualization Type,SHA,File Size (bytes),Stripped Size (bytes),Stdlib,Time (ms),RAM Usage (KB),Cycles,Cache References,Cache Misses,Cache Miss Ratio,Instructions,Instructions Per Cycle,Branches,Branch Misses,Branch Miss Ratio
2024-05-21 22:42:45,g++,g++ (GCC) 13.2.1 20240417,-O0,,"-std=c++23 -DSERIAL -ltbb","AMD Ryzen 5 2600 Six-Core Processor","full","VMware","7079af1a0f511f50206dc9627910ca108280e98c39d75c465903533b54977fbe",361352,191232,libstdc++,768495,590028,2913273557224,663631719,13347391,2.01%,5303820877562,1.82,646997341224,3772023716,0.58%
2024-05-21 23:08:14,g++,g++ (GCC) 13.2.1 20240417,-O0,-march=native,"-std=c++23 -DSERIAL -ltbb","AMD Ryzen 5 2600 Six-Core Processor","full","VMware","7079af1a0f511f50206dc9627910ca108280e98c39d75c465903533b54977fbe",361352,191232,libstdc++,763894,589976,2908274065183,648078740,12463224,1.92%,5303820871127,1.82,646997334732,3776610149,0.58%
2024-05-21 23:13:07,g++,g++ (GCC) 13.2.1 20240417,-O1,,"-std=c++23 -DSERIAL -ltbb","AMD Ryzen 5 2600 Six-Core Processor","full","VMware","7079af1a0f511f50206dc9627910ca108280e98c39d75c465903533b54977fbe",41288,35208,libstdc++,144408,589796,553154234260,519320225,7896990,1.52%,1546685581808,2.80,35653869645,31630989,0.09%
2024-05-21 23:18:01,g++,g++ (GCC) 13.2.1 20240417,-O1,-march=native,"-std=c++23 -DSERIAL -ltbb","AMD Ryzen 5 2600 Six-Core Processor","full","VMware","7079af1a0f511f50206dc9627910ca108280e98c39d75c465903533b54977fbe",41288,35208,libstdc++,145006,589884,554705655398,508768699,6943464,1.36%,1546685583279,2.79,35653870970,31653580,0.09%
2024-05-21 23:22:05,g++,g++ (GCC) 13.2.1 20240417,-O2,,"-std=c++23 -DSERIAL -ltbb","AMD Ryzen 5 2600 Six-Core Processor","full","VMware","7079af1a0f511f50206dc9627910ca108280e98c39d75c465903533b54977fbe",41288,35208,libstdc++,120297,589868,460333152342,506687515,6988635,1.38%,1368245774596,2.97,38505598814,31616429,0.08%
2024-05-21 23:26:09,g++,g++ (GCC) 13.2.1 20240417,-O2,-march=native,"-std=c++23 -DSERIAL -ltbb","AMD Ryzen 5 2600 Six-Core Processor","full","VMware","7079af1a0f511f50206dc9627910ca108280e98c39d75c465903533b54977fbe",41288,35208,libstdc++,120125,589948,459747198735,508365700,7627542,1.50%,1368720873731,2.98,38505598988,31621453,0.08%
2024-05-21 23:27:51,g++,g++ (GCC) 13.2.1 20240417,-O3,,"-std=c++23 -DSERIAL -ltbb","AMD Ryzen 5 2600 Six-Core Processor","full","VMware","7079af1a0f511f50206dc9627910ca108280e98c39d75c465903533b54977fbe",71784,67968,libstdc++,48698,589900,186290340445,506769926,8115941,1.60%,507749262661,2.73,7031079163,16394571,0.23%
2024-05-21 23:29:34,g++,g++ (GCC) 13.2.1 20240417,-O3,-march=native,"-std=c++23 -DSERIAL -ltbb","AMD Ryzen 5 2600 Six-Core Processor","full","VMware","7079af1a0f511f50206dc9627910ca108280e98c39d75c465903533b54977fbe",71784,67968,libstdc++,48913,589828,189259769239,506579909,8594049,1.70%,507740918337,2.68,7031080376,132784569,1.89%
2024-05-21 23:45:01,g++,g++ (GCC) 13.2.1 20240417,-Os,,"-std=c++23 -DSERIAL -ltbb","AMD Ryzen 5 2600 Six-Core Processor","full","VMware","7079af1a0f511f50206dc9627910ca108280e98c39d75c465903533b54977fbe",36624,26936,libstdc++,460883,589828,1768531170936,547057262,9238408,1.69%,925786936532,0.52,73143496457,33462295,0.05%
2024-05-22 00:00:30,g++,g++ (GCC) 13.2.1 20240417,-Os,-march=native,"-std=c++23 -DSERIAL -ltbb","AMD Ryzen 5 2600 Six-Core Processor","full","VMware","7079af1a0f511f50206dc9627910ca108280e98c39d75c465903533b54977fbe",36624,26936,libstdc++,461427,589916,1768615416924,542720074,8854834,1.63%,925786936709,0.52,73143496937,34057808,0.05%
2024-05-22 00:07:55,g++,g++ (GCC) 13.2.1 20240417,-Og,,"-std=c++23 -DSERIAL -ltbb","AMD Ryzen 5 2600 Six-Core Processor","full","VMware","7079af1a0f511f50206dc9627910ca108280e98c39d75c465903533b54977fbe",53744,35152,libstdc++,220666,589896,843418377318,530802934,8472915,1.60%,2337450189991,2.77,217377879917,4382986808,2.02%
2024-05-22 00:15:15,g++,g++ (GCC) 13.2.1 20240417,-Og,-march=native,"-std=c++23 -DSERIAL -ltbb","AMD Ryzen 5 2600 Six-Core Processor","full","VMware","7079af1a0f511f50206dc9627910ca108280e98c39d75c465903533b54977fbe",53744,35152,libstdc++,218531,590000,834570807974,537496226,8638539,1.61%,2337450189114,2.80,217377878889,4238983888,1.95%
2024-05-22 01:10:07,clang++,clang version 17.0.6,-O0,,"-std=c++23 -DSERIAL -ltbb","AMD Ryzen 5 2600 Six-Core Processor","full","VMware","7079af1a0f511f50206dc9627910ca108280e98c39d75c465903533b54977fbe",342504,203504,-stdlib=libstdc++,1644401,590096,6272539727498,762953038,18517494,2.43%,6153659612095,0.98,830710467865,3789376445,0.46%
2024-05-22 02:04:50,clang++,clang version 17.0.6,-O0,-march=native,"-std=c++23 -DSERIAL -ltbb","AMD Ryzen 5 2600 Six-Core Processor","full","VMware","7079af1a0f511f50206dc9627910ca108280e98c39d75c465903533b54977fbe",346600,207600,-stdlib=libstdc++,1642256,590076,6247946178991,772884393,18776106,2.43%,6153659601012,0.98,830710457046,3785801109,0.46%
2024-05-22 02:09:15,clang++,clang version 17.0.6,-O1,,"-std=c++23 -DSERIAL -ltbb","AMD Ryzen 5 2600 Six-Core Processor","full","VMware","7079af1a0f511f50206dc9627910ca108280e98c39d75c465903533b54977fbe",35752,31072,-stdlib=libstdc++,130114,589904,498238850522,508225917,7442378,1.46%,1419378708864,2.85,31622742455,6017349,0.02%
2024-05-22 02:13:24,clang++,clang version 17.0.6,-O1,-march=native,"-std=c++23 -DSERIAL -ltbb","AMD Ryzen 5 2600 Six-Core Processor","full","VMware","7079af1a0f511f50206dc9627910ca108280e98c39d75c465903533b54977fbe",35752,31072,-stdlib=libstdc++,121948,589916,467342845147,506986873,7081210,1.40%,1356378700001,2.90,31622733574,5990596,0.02%
2024-05-22 02:18:40,clang++,clang version 17.0.6,-O2,,"-std=c++23 -DSERIAL -ltbb","AMD Ryzen 5 2600 Six-Core Processor","full","VMware","7079af1a0f511f50206dc9627910ca108280e98c39d75c465903533b54977fbe",44584,39264,-stdlib=libstdc++,155526,589968,596377386622,511616902,8580623,1.68%,1647308199146,2.76,31528723359,6088357,0.02%
2024-05-22 02:23:43,clang++,clang version 17.0.6,-O2,-march=native,"-std=c++23 -DSERIAL -ltbb","AMD Ryzen 5 2600 Six-Core Processor","full","VMware","7079af1a0f511f50206dc9627910ca108280e98c39d75c465903533b54977fbe",44584,39264,-stdlib=libstdc++,148899,589984,570485213095,516335271,8128285,1.57%,1616231756242,2.83,31523731940,6081513,0.02%
2024-05-22 02:27:04,clang++,clang version 17.0.6,-O3,,"-std=c++23 -DSERIAL -ltbb","AMD Ryzen 5 2600 Six-Core Processor","full","VMware","7079af1a0f511f50206dc9627910ca108280e98c39d75c465903533b54977fbe",48312,43360,-stdlib=libstdc++,98144,589928,375581346308,517435907,9115984,1.76%,1052222351946,2.80,10518654153,5945217,0.06%
2024-05-22 02:30:37,clang++,clang version 17.0.6,-O3,-march=native,"-std=c++23 -DSERIAL -ltbb","AMD Ryzen 5 2600 Six-Core Processor","full","VMware","7079af1a0f511f50206dc9627910ca108280e98c39d75c465903533b54977fbe",48312,43360,-stdlib=libstdc++,104110,589916,396607573544,523626610,8588611,1.64%,900145920849,2.27,10513674662,5958656,0.06%
2024-05-22 02:36:43,clang++,clang version 17.0.6,-Os,,"-std=c++23 -DSERIAL -ltbb","AMD Ryzen 5 2600 Six-Core Processor","full","VMware","7079af1a0f511f50206dc9627910ca108280e98c39d75c465903533b54977fbe",47280,39264,-stdlib=libstdc++,181011,589984,693129303712,533054868,8792540,1.65%,1923923334153,2.78,87645021994,506392209,0.58%
2024-05-22 02:42:56,clang++,clang version 17.0.6,-Os,-march=native,"-std=c++23 -DSERIAL -ltbb","AMD Ryzen 5 2600 Six-Core Processor","full","VMware","7079af1a0f511f50206dc9627910ca108280e98c39d75c465903533b54977fbe",47280,39264,-stdlib=libstdc++,184154,589912,705188656455,521757112,8187328,1.57%,1923423335872,2.73,87645023089,6358653,0.01%
2024-05-22 02:47:21,clang++,clang version 17.0.6,-Og,,"-std=c++23 -DSERIAL -ltbb","AMD Ryzen 5 2600 Six-Core Processor","full","VMware","7079af1a0f511f50206dc9627910ca108280e98c39d75c465903533b54977fbe",35752,31072,-stdlib=libstdc++,130205,589880,498379264116,512336382,7785512,1.52%,1419378707169,2.85,31622740778,6008269,0.02%
2024-05-22 02:51:29,clang++,clang version 17.0.6,-Og,-march=native,"-std=c++23 -DSERIAL -ltbb","AMD Ryzen 5 2600 Six-Core Processor","full","VMware","7079af1a0f511f50206dc9627910ca108280e98c39d75c465903533b54977fbe",35752,31072,-stdlib=libstdc++,122260,589836,467380306916,522438515,7059928,1.35%,1356378699176,2.90,31622732922,5996020,0.02%
2024-05-22 11:32:52,/usr/lib/llvm16/bin/clang++,clang version 16.0.6,-O0,,"-std=c++2b -DSERIAL -ltbb","AMD Ryzen 5 2600 Six-Core Processor","full","VMware","7079af1a0f511f50206dc9627910ca108280e98c39d75c465903533b54977fbe",342560,203504,libstdc++,1616425,590088,6218070306360,810778159,18671897,2.30%,6153659598713,0.99,830710455199,3781394938,0.46%
2024-05-22 12:26:49,/usr/lib/llvm16/bin/clang++,clang version 16.0.6,-O0,,"-std=c++2b -DSERIAL -ltbb","AMD Ryzen 5 2600 Six-Core Processor","full","VMware","7079af1a0f511f50206dc9627910ca108280e98c39d75c465903533b54977fbe",342560,203504,libstdc++,1613663,589972,6195865025436,795837811,20513203,2.58%,6153659590997,0.99,830710447644,3787433679,0.46%
2024-05-22 13:20:46,/usr/lib/llvm16/bin/clang++,clang version 16.0.6,-O0,-march=native,"-std=c++2b -DSERIAL -ltbb","AMD Ryzen 5 2600 Six-Core Processor","full","VMware","7079af1a0f511f50206dc9627910ca108280e98c39d75c465903533b54977fbe",346656,207600,libstdc++,1613579,590144,6186959163468,768733789,17583178,2.29%,6153659586165,0.99,830710442849,3787534725,0.46%
2024-05-22 14:14:54,/usr/lib/llvm16/bin/clang++,clang version 16.0.6,-O0,-march=native,"-std=c++2b -DSERIAL -ltbb","AMD Ryzen 5 2600 Six-Core Processor","full","VMware","7079af1a0f511f50206dc9627910ca108280e98c39d75c465903533b54977fbe",346656,207600,libstdc++,1625289,590096,6187616789721,771132383,18504562,2.40%,6153659585645,0.99,830710442203,3789514040,0.46%
2024-05-22 14:19:21,/usr/lib/llvm16/bin/clang++,clang version 16.0.6,-O1,,"-std=c++2b -DSERIAL -ltbb","AMD Ryzen 5 2600 Six-Core Processor","full","VMware","7079af1a0f511f50206dc9627910ca108280e98c39d75c465903533b54977fbe",35752,31072,libstdc++,129962,589956,504829928480,507480631,7073450,1.39%,1419367654981,2.81,31622744838,194920317,0.62%
2024-05-22 14:23:42,/usr/lib/llvm16/bin/clang++,clang version 16.0.6,-O1,,"-std=c++2b -DSERIAL -ltbb","AMD Ryzen 5 2600 Six-Core Processor","full","VMware","7079af1a0f511f50206dc9627910ca108280e98c39d75c465903533b54977fbe",35752,31072,libstdc++,129974,589956,498134930345,524957389,6741967,1.28%,1419367652010,2.85,31622741814,6021128,0.02%
2024-05-22 14:27:49,/usr/lib/llvm16/bin/clang++,clang version 16.0.6,-O1,-march=native,"-std=c++2b -DSERIAL -ltbb","AMD Ryzen 5 2600 Six-Core Processor","full","VMware","7079af1a0f511f50206dc9627910ca108280e98c39d75c465903533b54977fbe",35752,31072,libstdc++,121513,589880,465674311890,514773849,7267790,1.41%,1356367642739,2.91,31622732536,6003333,0.02%
2024-05-22 14:31:53,/usr/lib/llvm16/bin/clang++,clang version 16.0.6,-O1,-march=native,"-std=c++2b -DSERIAL -ltbb","AMD Ryzen 5 2600 Six-Core Processor","full","VMware","7079af1a0f511f50206dc9627910ca108280e98c39d75c465903533b54977fbe",35752,31072,libstdc++,121963,589944,465692238159,508118885,7040194,1.39%,1356367642628,2.91,31622732508,6024432,0.02%
2024-05-22 14:37:10,/usr/lib/llvm16/bin/clang++,clang version 16.0.6,-O2,,"-std=c++2b -DSERIAL -ltbb","AMD Ryzen 5 2600 Six-Core Processor","full","VMware","7079af1a0f511f50206dc9627910ca108280e98c39d75c465903533b54977fbe",44584,39264,libstdc++,156192,589844,596320202326,512315029,8325462,1.63%,1646803581681,2.76,31528722848,6089645,0.02%
2024-05-22 14:42:22,/usr/lib/llvm16/bin/clang++,clang version 16.0.6,-O2,,"-std=c++2b -DSERIAL -ltbb","AMD Ryzen 5 2600 Six-Core Processor","full","VMware","7079af1a0f511f50206dc9627910ca108280e98c39d75c465903533b54977fbe",44584,39264,libstdc++,156042,589844,596513847896,513180221,8209630,1.60%,1646803581119,2.76,31528722220,6114273,0.02%
2024-05-22 14:47:24,/usr/lib/llvm16/bin/clang++,clang version 16.0.6,-O2,-march=native,"-std=c++2b -DSERIAL -ltbb","AMD Ryzen 5 2600 Six-Core Processor","full","VMware","7079af1a0f511f50206dc9627910ca108280e98c39d75c465903533b54977fbe",44584,39264,libstdc++,148660,589800,568236037129,508695277,7271539,1.43%,1615727137520,2.84,31523730286,6070623,0.02%
2024-05-22 14:52:22,/usr/lib/llvm16/bin/clang++,clang version 16.0.6,-O2,-march=native,"-std=c++2b -DSERIAL -ltbb","AMD Ryzen 5 2600 Six-Core Processor","full","VMware","7079af1a0f511f50206dc9627910ca108280e98c39d75c465903533b54977fbe",44584,39264,libstdc++,148466,589968,568224743194,509532299,7246284,1.42%,1615727137203,2.84,31523729974,6070977,0.02%
2024-05-22 14:56:46,/usr/lib/llvm16/bin/clang++,clang version 16.0.6,-O3,,"-std=c++2b -DSERIAL -ltbb","AMD Ryzen 5 2600 Six-Core Processor","full","VMware","7079af1a0f511f50206dc9627910ca108280e98c39d75c465903533b54977fbe",52408,47456,libstdc++,130102,589996,497376438012,522833807,8711479,1.67%,1424222382285,2.86,10518684664,6013534,0.06%
2024-05-22 15:01:07,/usr/lib/llvm16/bin/clang++,clang version 16.0.6,-O3,,"-std=c++2b -DSERIAL -ltbb","AMD Ryzen 5 2600 Six-Core Processor","full","VMware","7079af1a0f511f50206dc9627910ca108280e98c39d75c465903533b54977fbe",52408,47456,libstdc++,130299,589976,497393690899,523366807,8862058,1.69%,1424222382681,2.86,10518685278,6009697,0.06%
2024-05-22 15:05:22,/usr/lib/llvm16/bin/clang++,clang version 16.0.6,-O3,-march=native,"-std=c++2b -DSERIAL -ltbb","AMD Ryzen 5 2600 Six-Core Processor","full","VMware","7079af1a0f511f50206dc9627910ca108280e98c39d75c465903533b54977fbe",52408,47456,libstdc++,124672,589960,477473724658,526448834,8711445,1.65%,1394645945854,2.92,10513699822,6009234,0.06%
2024-05-22 15:09:34,/usr/lib/llvm16/bin/clang++,clang version 16.0.6,-O3,-march=native,"-std=c++2b -DSERIAL -ltbb","AMD Ryzen 5 2600 Six-Core Processor","full","VMware","7079af1a0f511f50206dc9627910ca108280e98c39d75c465903533b54977fbe",52408,47456,libstdc++,124637,589792,485048694560,533987516,8412360,1.58%,1394645943713,2.88,10513697838,6006618,0.06%
2024-05-22 15:15:37,/usr/lib/llvm16/bin/clang++,clang version 16.0.6,-Os,,"-std=c++2b -DSERIAL -ltbb","AMD Ryzen 5 2600 Six-Core Processor","full","VMware","7079af1a0f511f50206dc9627910ca108280e98c39d75c465903533b54977fbe",47280,39264,libstdc++,179149,589984,686825950970,567620591,8548606,1.51%,1920423333663,2.80,87645022098,6348927,0.01%
2024-05-22 15:21:37,/usr/lib/llvm16/bin/clang++,clang version 16.0.6,-Os,,"-std=c++2b -DSERIAL -ltbb","AMD Ryzen 5 2600 Six-Core Processor","full","VMware","7079af1a0f511f50206dc9627910ca108280e98c39d75c465903533b54977fbe",47280,39264,libstdc++,179049,589896,686129568104,523197962,8590303,1.64%,1920423331848,2.80,87645020608,6351665,0.01%
2024-05-22 15:27:49,/usr/lib/llvm16/bin/clang++,clang version 16.0.6,-Os,-march=native,"-std=c++2b -DSERIAL -ltbb","AMD Ryzen 5 2600 Six-Core Processor","full","VMware","7079af1a0f511f50206dc9627910ca108280e98c39d75c465903533b54977fbe",47280,39264,libstdc++,183927,590000,704450753053,525157787,8415338,1.60%,1919923336077,2.73,87645023407,6355988,0.01%
2024-05-22 15:33:58,/usr/lib/llvm16/bin/clang++,clang version 16.0.6,-Os,-march=native,"-std=c++2b -DSERIAL -ltbb","AMD Ryzen 5 2600 Six-Core Processor","full","VMware","7079af1a0f511f50206dc9627910ca108280e98c39d75c465903533b54977fbe",47280,39264,libstdc++,184092,589896,704275073924,518398659,7778931,1.50%,1919923336625,2.73,87645024188,6355335,0.01%
2024-05-22 15:38:23,/usr/lib/llvm16/bin/clang++,clang version 16.0.6,-Og,,"-std=c++2b -DSERIAL -ltbb","AMD Ryzen 5 2600 Six-Core Processor","full","VMware","7079af1a0f511f50206dc9627910ca108280e98c39d75c465903533b54977fbe",35752,31072,libstdc++,129965,589980,498016986742,508342337,7930188,1.56%,1419367652067,2.85,31622741877,6007816,0.02%
2024-05-22 15:42:43,/usr/lib/llvm16/bin/clang++,clang version 16.0.6,-Og,,"-std=c++2b -DSERIAL -ltbb","AMD Ryzen 5 2600 Six-Core Processor","full","VMware","7079af1a0f511f50206dc9627910ca108280e98c39d75c465903533b54977fbe",35752,31072,libstdc++,129988,589960,498024632982,504994201,7036113,1.39%,1419367650734,2.85,31622740322,6001539,0.02%
2024-05-22 15:46:51,/usr/lib/llvm16/bin/clang++,clang version 16.0.6,-Og,-march=native,"-std=c++2b -DSERIAL -ltbb","AMD Ryzen 5 2600 Six-Core Processor","full","VMware","7079af1a0f511f50206dc9627910ca108280e98c39d75c465903533b54977fbe",35752,31072,libstdc++,122067,589772,465595530636,510294875,8025409,1.57%,1356367641577,2.91,31622731446,5993777,0.02%
2024-05-22 15:50:55,/usr/lib/llvm16/bin/clang++,clang version 16.0.6,-Og,-march=native,"-std=c++2b -DSERIAL -ltbb","AMD Ryzen 5 2600 Six-Core Processor","full","VMware","7079af1a0f511f50206dc9627910ca108280e98c39d75c465903533b54977fbe",35752,31072,libstdc++,121753,589912,465613231137,507785145,7471285,1.47%,1356367644429,2.91,31622734198,5999011,0.02%
2024-05-22 16:37:54,clang++,clang version 17.0.6,-O0,,"-std=c++2b -DSERIAL -ltbb","AMD Ryzen 5 2600 Six-Core Processor","full","VMware","7079af1a0f511f50206dc9627910ca108280e98c39d75c465903533b54977fbe",183704,100856,-stdlib=libc++,1405451,590916,5382161890685,719041764,17194091,2.39%,5287311439105,0.98,713960610299,3767039612,0.53%
2024-05-22 17:24:53,clang++,clang version 17.0.6,-O0,,"-std=c++2b -DSERIAL -ltbb","AMD Ryzen 5 2600 Six-Core Processor","full","VMware","7079af1a0f511f50206dc9627910ca108280e98c39d75c465903533b54977fbe",183704,100856,-stdlib=libc++,1405373,590820,5383710832510,761230173,17565322,2.31%,5287311444650,0.98,713960615866,3766535774,0.53%
2024-05-22 18:20:05,clang++,clang version 17.0.6,-O0,,"-std=c++2b -DSERIAL -ltbb","AMD Ryzen 5 2600 Six-Core Processor","full","VMware","7079af1a0f511f50206dc9627910ca108280e98c39d75c465903533b54977fbe",342504,203504,-stdlib=libstdc++,1647876,590020,6330372588055,793834529,20609606,2.60%,6153659631216,0.97,830710487774,7054022931,0.85%
2024-05-22 19:14:46,clang++,clang version 17.0.6,-O0,,"-std=c++2b -DSERIAL -ltbb","AMD Ryzen 5 2600 Six-Core Processor","full","VMware","7079af1a0f511f50206dc9627910ca108280e98c39d75c465903533b54977fbe",342504,203504,-stdlib=libstdc++,1629231,590160,6294235525572,798965118,17771952,2.22%,6153659626852,0.98,830710483560,3780612601,0.46%
2024-05-22 20:01:46,clang++,clang version 17.0.6,-O0,-march=native,"-std=c++2b -DSERIAL -ltbb","AMD Ryzen 5 2600 Six-Core Processor","full","VMware","7079af1a0f511f50206dc9627910ca108280e98c39d75c465903533b54977fbe",183704,100856,-stdlib=libc++,1405651,590820,5382032179628,748836309,20181416,2.70%,5287311441050,0.98,713960612092,3765402239,0.53%
2024-05-22 20:48:52,clang++,clang version 17.0.6,-O0,-march=native,"-std=c++2b -DSERIAL -ltbb","AMD Ryzen 5 2600 Six-Core Processor","full","VMware","7079af1a0f511f50206dc9627910ca108280e98c39d75c465903533b54977fbe",183704,100856,-stdlib=libc++,1405290,590820,5389795044058,779383120,25671913,3.29%,5287311477915,0.98,713960648999,3798532724,0.53%
2024-05-22 21:48:07,clang++,clang version 17.0.6,-O0,-march=native,"-std=c++2b -DSERIAL -ltbb","AMD Ryzen 5 2600 Six-Core Processor","full","VMware","7079af1a0f511f50206dc9627910ca108280e98c39d75c465903533b54977fbe",346600,207600,-stdlib=libstdc++,1768292,590056,6444577387651,1805043952,196267989,10.87%,6153660037767,0.95,830710894374,5408188804,0.65%
2024-05-22 22:48:21,clang++,clang version 17.0.6,-O0,-march=native,"-std=c++2b -DSERIAL -ltbb","AMD Ryzen 5 2600 Six-Core Processor","full","VMware","7079af1a0f511f50206dc9627910ca108280e98c39d75c465903533b54977fbe",346600,207600,-stdlib=libstdc++,1789858,590048,6524630905264,2053423440,243745833,11.87%,6153660381126,0.94,830711237805,5888951677,0.71%
2024-05-22 22:53:16,clang++,clang version 17.0.6,-O1,,"-std=c++2b -DSERIAL -ltbb","AMD Ryzen 5 2600 Six-Core Processor","full","VMware","7079af1a0f511f50206dc9627910ca108280e98c39d75c465903533b54977fbe",48272,39440,-stdlib=libc++,146189,590640,521636438664,551140867,15761325,2.86%,1419386311050,2.72,31623176721,6911165,0.02%
2024-05-22 22:58:08,clang++,clang version 17.0.6,-O1,,"-std=c++2b -DSERIAL -ltbb","AMD Ryzen 5 2600 Six-Core Processor","full","VMware","7079af1a0f511f50206dc9627910ca108280e98c39d75c465903533b54977fbe",48272,39440,-stdlib=libc++,145388,590768,526004561704,551903680,16900581,3.06%,1419386300490,2.70,31623165947,7074193,0.02%
2024-05-22 23:03:04,clang++,clang version 17.0.6,-O1,,"-std=c++2b -DSERIAL -ltbb","AMD Ryzen 5 2600 Six-Core Processor","full","VMware","7079af1a0f511f50206dc9627910ca108280e98c39d75c465903533b54977fbe",35752,31072,-stdlib=libstdc++,150638,589864,512332466218,530448815,11669985,2.20%,1419378736728,2.77,31622770883,7062391,0.02%
2024-05-22 23:07:28,clang++,clang version 17.0.6,-O1,,"-std=c++2b -DSERIAL -ltbb","AMD Ryzen 5 2600 Six-Core Processor","full","VMware","7079af1a0f511f50206dc9627910ca108280e98c39d75c465903533b54977fbe",35752,31072,-stdlib=libstdc++,131664,589776,499634774291,509429551,7354540,1.44%,1419378717020,2.84,31622751337,6069381,0.02%
2024-05-22 23:11:37,clang++,clang version 17.0.6,-O1,-march=native,"-std=c++2b -DSERIAL -ltbb","AMD Ryzen 5 2600 Six-Core Processor","full","VMware","7079af1a0f511f50206dc9627910ca108280e98c39d75c465903533b54977fbe",48272,39440,-stdlib=libc++,123162,590820,467011368095,506620316,6794946,1.34%,1356386242591,2.90,31623107978,6004585,0.02%
2024-05-22 23:15:43,clang++,clang version 17.0.6,-O1,-march=native,"-std=c++2b -DSERIAL -ltbb","AMD Ryzen 5 2600 Six-Core Processor","full","VMware","7079af1a0f511f50206dc9627910ca108280e98c39d75c465903533b54977fbe",48272,39440,-stdlib=libc++,122930,590784,467031628949,505372620,6282379,1.24%,1356386243352,2.90,31623109060,6011942,0.02%
2024-05-22 23:19:53,clang++,clang version 17.0.6,-O1,-march=native,"-std=c++2b -DSERIAL -ltbb","AMD Ryzen 5 2600 Six-Core Processor","full","VMware","7079af1a0f511f50206dc9627910ca108280e98c39d75c465903533b54977fbe",35752,31072,-stdlib=libstdc++,122815,589896,467345735402,509596853,7520562,1.48%,1356378701465,2.90,31622735719,6008006,0.02%
2024-05-22 23:24:00,clang++,clang version 17.0.6,-O1,-march=native,"-std=c++2b -DSERIAL -ltbb","AMD Ryzen 5 2600 Six-Core Processor","full","VMware","7079af1a0f511f50206dc9627910ca108280e98c39d75c465903533b54977fbe",35752,31072,-stdlib=libstdc++,123329,589776,467301912687,505745760,7529113,1.49%,1356378700991,2.90,31622735274,6020533,0.02%
2024-05-22 23:29:18,clang++,clang version 17.0.6,-O2,,"-std=c++2b -DSERIAL -ltbb","AMD Ryzen 5 2600 Six-Core Processor","full","VMware","7079af1a0f511f50206dc9627910ca108280e98c39d75c465903533b54977fbe",53032,43536,-stdlib=libc++,157510,590812,599391165561,506570570,7035250,1.39%,1646811794991,2.75,31529101250,6117559,0.02%
2024-05-22 23:34:32,clang++,clang version 17.0.6,-O2,,"-std=c++2b -DSERIAL -ltbb","AMD Ryzen 5 2600 Six-Core Processor","full","VMware","7079af1a0f511f50206dc9627910ca108280e98c39d75c465903533b54977fbe",53032,43536,-stdlib=libc++,156667,590696,598103372045,511759154,9023037,1.76%,1646811793778,2.75,31529100117,6122003,0.02%
2024-05-22 23:39:49,clang++,clang version 17.0.6,-O2,,"-std=c++2b -DSERIAL -ltbb","AMD Ryzen 5 2600 Six-Core Processor","full","VMware","7079af1a0f511f50206dc9627910ca108280e98c39d75c465903533b54977fbe",44584,39264,-stdlib=libstdc++,155727,589800,596435981244,512575492,8865672,1.73%,1647308199995,2.76,31528724630,6087666,0.02%
2024-05-22 23:45:01,clang++,clang version 17.0.6,-O2,,"-std=c++2b -DSERIAL -ltbb","AMD Ryzen 5 2600 Six-Core Processor","full","VMware","7079af1a0f511f50206dc9627910ca108280e98c39d75c465903533b54977fbe",44584,39264,-stdlib=libstdc++,155534,589952,596231886375,511229740,8791606,1.72%,1647308200295,2.76,31528724755,6085303,0.02%
2024-05-22 23:50:02,clang++,clang version 17.0.6,-O2,-march=native,"-std=c++2b -DSERIAL -ltbb","AMD Ryzen 5 2600 Six-Core Processor","full","VMware","7079af1a0f511f50206dc9627910ca108280e98c39d75c465903533b54977fbe",53032,43536,-stdlib=libc++,148849,590776,570364793540,515591540,8609691,1.67%,1615735348933,2.83,31524106491,6086314,0.02%
2024-05-22 23:55:01,clang++,clang version 17.0.6,-O2,-march=native,"-std=c++2b -DSERIAL -ltbb","AMD Ryzen 5 2600 Six-Core Processor","full","VMware","7079af1a0f511f50206dc9627910ca108280e98c39d75c465903533b54977fbe",53032,43536,-stdlib=libc++,148749,590652,570422458714,513287011,8103074,1.58%,1615735349214,2.83,31524106817,6111877,0.02%
2024-05-23 00:00:04,clang++,clang version 17.0.6,-O2,-march=native,"-std=c++2b -DSERIAL -ltbb","AMD Ryzen 5 2600 Six-Core Processor","full","VMware","7079af1a0f511f50206dc9627910ca108280e98c39d75c465903533b54977fbe",44584,39264,-stdlib=libstdc++,148828,589872,570750790734,513682154,7758663,1.51%,1616231755728,2.83,31523732051,6093209,0.02%
2024-05-23 00:05:03,clang++,clang version 17.0.6,-O2,-march=native,"-std=c++2b -DSERIAL -ltbb","AMD Ryzen 5 2600 Six-Core Processor","full","VMware","7079af1a0f511f50206dc9627910ca108280e98c39d75c465903533b54977fbe",44584,39264,-stdlib=libstdc++,148818,589952,570488555972,513163714,8548349,1.67%,1616231756997,2.83,31523733306,6091414,0.02%
2024-05-23 00:08:22,clang++,clang version 17.0.6,-O3,,"-std=c++2b -DSERIAL -ltbb","AMD Ryzen 5 2600 Six-Core Processor","full","VMware","7079af1a0f511f50206dc9627910ca108280e98c39d75c465903533b54977fbe",60832,51728,-stdlib=libc++,98063,590680,375594018063,527005735,7791112,1.48%,1052224392850,2.80,10519026879,5954013,0.06%
2024-05-23 00:11:38,clang++,clang version 17.0.6,-O3,,"-std=c++2b -DSERIAL -ltbb","AMD Ryzen 5 2600 Six-Core Processor","full","VMware","7079af1a0f511f50206dc9627910ca108280e98c39d75c465903533b54977fbe",60832,51728,-stdlib=libc++,98173,590784,375555894730,520812727,8733884,1.68%,1052224391618,2.80,10519025674,5951787,0.06%
2024-05-23 00:15:02,clang++,clang version 17.0.6,-O3,,"-std=c++2b -DSERIAL -ltbb","AMD Ryzen 5 2600 Six-Core Processor","full","VMware","7079af1a0f511f50206dc9627910ca108280e98c39d75c465903533b54977fbe",48312,43360,-stdlib=libstdc++,98355,589928,385180655310,527968124,8868467,1.68%,1052222354031,2.73,10518656712,5954395,0.06%
2024-05-23 00:18:19,clang++,clang version 17.0.6,-O3,,"-std=c++2b -DSERIAL -ltbb","AMD Ryzen 5 2600 Six-Core Processor","full","VMware","7079af1a0f511f50206dc9627910ca108280e98c39d75c465903533b54977fbe",48312,43360,-stdlib=libstdc++,98040,589928,375530016822,515628679,8552480,1.66%,1052222350241,2.80,10518652897,5942779,0.06%
2024-05-23 00:21:50,clang++,clang version 17.0.6,-O3,-march=native,"-std=c++2b -DSERIAL -ltbb","AMD Ryzen 5 2600 Six-Core Processor","full","VMware","7079af1a0f511f50206dc9627910ca108280e98c39d75c465903533b54977fbe",56736,47632,-stdlib=libc++,103640,590792,396476875003,519729493,8403216,1.62%,900147960581,2.27,10514046518,5963455,0.06%
2024-05-23 00:25:18,clang++,clang version 17.0.6,-O3,-march=native,"-std=c++2b -DSERIAL -ltbb","AMD Ryzen 5 2600 Six-Core Processor","full","VMware","7079af1a0f511f50206dc9627910ca108280e98c39d75c465903533b54977fbe",56736,47632,-stdlib=libc++,103811,590868,396880991423,520375253,8100009,1.56%,900147962065,2.27,10514047980,5964929,0.06%
2024-05-23 00:28:50,clang++,clang version 17.0.6,-O3,-march=native,"-std=c++2b -DSERIAL -ltbb","AMD Ryzen 5 2600 Six-Core Processor","full","VMware","7079af1a0f511f50206dc9627910ca108280e98c39d75c465903533b54977fbe",48312,43360,-stdlib=libstdc++,103547,589956,396597348096,525532674,8794364,1.67%,900145919655,2.27,10513673939,5951554,0.06%
2024-05-23 00:32:17,clang++,clang version 17.0.6,-O3,-march=native,"-std=c++2b -DSERIAL -ltbb","AMD Ryzen 5 2600 Six-Core Processor","full","VMware","7079af1a0f511f50206dc9627910ca108280e98c39d75c465903533b54977fbe",48312,43360,-stdlib=libstdc++,103587,589860,396458468051,524909325,8794976,1.68%,900145918361,2.27,10513672625,5951775,0.06%
2024-05-23 00:37:21,clang++,clang version 17.0.6,-Os,,"-std=c++2b -DSERIAL -ltbb","AMD Ryzen 5 2600 Six-Core Processor","full","VMware","7079af1a0f511f50206dc9627910ca108280e98c39d75c465903533b54977fbe",55616,43528,-stdlib=libc++,150482,590812,575930736720,515343156,7862931,1.53%,1615458678514,2.80,38634252649,6268185,0.02%
2024-05-23 00:42:23,clang++,clang version 17.0.6,-Os,,"-std=c++2b -DSERIAL -ltbb","AMD Ryzen 5 2600 Six-Core Processor","full","VMware","7079af1a0f511f50206dc9627910ca108280e98c39d75c465903533b54977fbe",55616,43528,-stdlib=libc++,150754,590728,576046732217,517079679,8368610,1.62%,1615458678854,2.80,38634252906,6263320,0.02%
2024-05-23 00:48:30,clang++,clang version 17.0.6,-Os,,"-std=c++2b -DSERIAL -ltbb","AMD Ryzen 5 2600 Six-Core Processor","full","VMware","7079af1a0f511f50206dc9627910ca108280e98c39d75c465903533b54977fbe",47280,39264,-stdlib=libstdc++,181037,589840,694046673380,522473368,8677502,1.66%,1923923334023,2.77,87645022742,506329083,0.58%
2024-05-23 00:54:33,clang++,clang version 17.0.6,-Os,,"-std=c++2b -DSERIAL -ltbb","AMD Ryzen 5 2600 Six-Core Processor","full","VMware","7079af1a0f511f50206dc9627910ca108280e98c39d75c465903533b54977fbe",47280,39264,-stdlib=libstdc++,180806,589932,693110816401,522241269,8553862,1.64%,1923923335008,2.78,87645023762,506329382,0.58%
2024-05-23 00:59:32,clang++,clang version 17.0.6,-Os,-march=native,"-std=c++2b -DSERIAL -ltbb","AMD Ryzen 5 2600 Six-Core Processor","full","VMware","7079af1a0f511f50206dc9627910ca108280e98c39d75c465903533b54977fbe",55616,43528,-stdlib=libc++,148105,590864,567631284494,516107093,8642612,1.67%,1611458678495,2.84,38634251529,6265443,0.02%
2024-05-23 01:04:29,clang++,clang version 17.0.6,-Os,-march=native,"-std=c++2b -DSERIAL -ltbb","AMD Ryzen 5 2600 Six-Core Processor","full","VMware","7079af1a0f511f50206dc9627910ca108280e98c39d75c465903533b54977fbe",55616,43528,-stdlib=libc++,148064,590652,568314522760,512694294,8085731,1.58%,1611458679892,2.84,38634253168,6266281,0.02%
2024-05-23 01:10:43,clang++,clang version 17.0.6,-Os,-march=native,"-std=c++2b -DSERIAL -ltbb","AMD Ryzen 5 2600 Six-Core Processor","full","VMware","7079af1a0f511f50206dc9627910ca108280e98c39d75c465903533b54977fbe",47280,39264,-stdlib=libstdc++,184064,589944,705331105499,525738262,9065969,1.72%,1923423338577,2.73,87645026121,6381595,0.01%
2024-05-23 01:16:52,clang++,clang version 17.0.6,-Os,-march=native,"-std=c++2b -DSERIAL -ltbb","AMD Ryzen 5 2600 Six-Core Processor","full","VMware","7079af1a0f511f50206dc9627910ca108280e98c39d75c465903533b54977fbe",47280,39264,-stdlib=libstdc++,184160,589984,705137964378,520286152,8857191,1.70%,1923423336867,2.73,87645024491,6352946,0.01%
2024-05-23 01:21:15,clang++,clang version 17.0.6,-Og,,"-std=c++2b -DSERIAL -ltbb","AMD Ryzen 5 2600 Six-Core Processor","full","VMware","7079af1a0f511f50206dc9627910ca108280e98c39d75c465903533b54977fbe",48272,39440,-stdlib=libc++,130321,590720,498360936578,507462580,8309804,1.64%,1419386249108,2.85,31623114666,6015087,0.02%
2024-05-23 01:25:36,clang++,clang version 17.0.6,-Og,,"-std=c++2b -DSERIAL -ltbb","AMD Ryzen 5 2600 Six-Core Processor","full","VMware","7079af1a0f511f50206dc9627910ca108280e98c39d75c465903533b54977fbe",48272,39440,-stdlib=libc++,130282,590760,498345005151,507079042,8468608,1.67%,1419386250549,2.85,31623115988,6017205,0.02%
2024-05-23 01:30:01,clang++,clang version 17.0.6,-Og,,"-std=c++2b -DSERIAL -ltbb","AMD Ryzen 5 2600 Six-Core Processor","full","VMware","7079af1a0f511f50206dc9627910ca108280e98c39d75c465903533b54977fbe",35752,31072,-stdlib=libstdc++,129907,589792,498412713132,511664376,8282838,1.62%,1419378710252,2.85,31622744427,6044525,0.02%
2024-05-23 01:34:22,clang++,clang version 17.0.6,-Og,,"-std=c++2b -DSERIAL -ltbb","AMD Ryzen 5 2600 Six-Core Processor","full","VMware","7079af1a0f511f50206dc9627910ca108280e98c39d75c465903533b54977fbe",35752,31072,-stdlib=libstdc++,130122,589816,498209346236,514723843,8241912,1.60%,1419378708834,2.85,31622742977,6014557,0.02%
2024-05-23 01:38:30,clang++,clang version 17.0.6,-Og,-march=native,"-std=c++2b -DSERIAL -ltbb","AMD Ryzen 5 2600 Six-Core Processor","full","VMware","7079af1a0f511f50206dc9627910ca108280e98c39d75c465903533b54977fbe",48272,39440,-stdlib=libc++,121991,590764,470511109489,505783899,6682566,1.32%,1356386242799,2.88,31623108141,6004552,0.02%
2024-05-23 01:42:34,clang++,clang version 17.0.6,-Og,-march=native,"-std=c++2b -DSERIAL -ltbb","AMD Ryzen 5 2600 Six-Core Processor","full","VMware","7079af1a0f511f50206dc9627910ca108280e98c39d75c465903533b54977fbe",48272,39440,-stdlib=libc++,121846,590768,467068498747,509055245,8058102,1.58%,1356386241235,2.90,31623106981,6008252,0.02%
2024-05-23 01:46:43,clang++,clang version 17.0.6,-Og,-march=native,"-std=c++2b -DSERIAL -ltbb","AMD Ryzen 5 2600 Six-Core Processor","full","VMware","7079af1a0f511f50206dc9627910ca108280e98c39d75c465903533b54977fbe",35752,31072,-stdlib=libstdc++,122138,589792,467334582706,507133819,7833863,1.54%,1356378698361,2.90,31622732430,5998239,0.02%
2024-05-23 01:50:48,clang++,clang version 17.0.6,-Og,-march=native,"-std=c++2b -DSERIAL -ltbb","AMD Ryzen 5 2600 Six-Core Processor","full","VMware","7079af1a0f511f50206dc9627910ca108280e98c39d75c465903533b54977fbe",35752,31072,-stdlib=libstdc++,122270,589916,467429896601,507784016,7770200,1.53%,1356378699701,2.90,31622733785,6008664,0.02%
2024-05-23 02:16:17,g++,g++ (GCC) 13.2.1 20240417,-O0,,"-std=c++2b -DSERIAL -ltbb","AMD Ryzen 5 2600 Six-Core Processor","full","VMware","7079af1a0f511f50206dc9627910ca108280e98c39d75c465903533b54977fbe",361352,191232,libstdc++,761278,590064,2915994071419,646148113,13076066,2.02%,5303820873000,1.82,646997336921,3775066083,0.58%
2024-05-23 02:41:43,g++,g++ (GCC) 13.2.1 20240417,-O0,,"-std=c++2b -DSERIAL -ltbb","AMD Ryzen 5 2600 Six-Core Processor","full","VMware","7079af1a0f511f50206dc9627910ca108280e98c39d75c465903533b54977fbe",361352,191232,libstdc++,761094,590036,2916320474058,654781687,13558136,2.07%,5303820871823,1.82,646997335816,3771933298,0.58%
2024-05-23 03:07:12,g++,g++ (GCC) 13.2.1 20240417,-O0,-march=native,"-std=c++2b -DSERIAL -ltbb","AMD Ryzen 5 2600 Six-Core Processor","full","VMware","7079af1a0f511f50206dc9627910ca108280e98c39d75c465903533b54977fbe",361352,191232,libstdc++,758008,590032,2921382695904,664096619,17339497,2.61%,5303820894687,1.82,646997358453,3876880621,0.60%
2024-05-23 03:32:33,g++,g++ (GCC) 13.2.1 20240417,-O0,-march=native,"-std=c++2b -DSERIAL -ltbb","AMD Ryzen 5 2600 Six-Core Processor","full","VMware","7079af1a0f511f50206dc9627910ca108280e98c39d75c465903533b54977fbe",361352,191232,libstdc++,758344,589996,2908749501751,652641378,13792081,2.11%,5303820869964,1.82,646997334049,3786405442,0.59%
2024-05-23 03:37:26,g++,g++ (GCC) 13.2.1 20240417,-O1,,"-std=c++2b -DSERIAL -ltbb","AMD Ryzen 5 2600 Six-Core Processor","full","VMware","7079af1a0f511f50206dc9627910ca108280e98c39d75c465903533b54977fbe",41288,35208,libstdc++,144705,589816,553214489090,527449194,8353334,1.58%,1546685582779,2.80,35653871188,31625805,0.09%
2024-05-23 03:42:16,g++,g++ (GCC) 13.2.1 20240417,-O1,,"-std=c++2b -DSERIAL -ltbb","AMD Ryzen 5 2600 Six-Core Processor","full","VMware","7079af1a0f511f50206dc9627910ca108280e98c39d75c465903533b54977fbe",41288,35208,libstdc++,144616,589960,553279354964,513257552,8341947,1.63%,1546685580864,2.80,35653869435,31627405,0.09%
2024-05-23 03:47:09,g++,g++ (GCC) 13.2.1 20240417,-O1,-march=native,"-std=c++2b -DSERIAL -ltbb","AMD Ryzen 5 2600 Six-Core Processor","full","VMware","7079af1a0f511f50206dc9627910ca108280e98c39d75c465903533b54977fbe",41288,35208,libstdc++,145163,589984,554699594573,511727558,7874465,1.54%,1546685582175,2.79,35653870232,31624400,0.09%
2024-05-23 03:52:00,g++,g++ (GCC) 13.2.1 20240417,-O1,-march=native,"-std=c++2b -DSERIAL -ltbb","AMD Ryzen 5 2600 Six-Core Processor","full","VMware","7079af1a0f511f50206dc9627910ca108280e98c39d75c465903533b54977fbe",41288,35208,libstdc++,144970,589956,554638796248,517144163,8485401,1.64%,1546685583255,2.79,35653871351,31643086,0.09%
2024-05-23 03:56:08,g++,g++ (GCC) 13.2.1 20240417,-O2,,"-std=c++2b -DSERIAL -ltbb","AMD Ryzen 5 2600 Six-Core Processor","full","VMware","7079af1a0f511f50206dc9627910ca108280e98c39d75c465903533b54977fbe",41288,35208,libstdc++,120272,589796,474430231075,510733793,9237978,1.81%,1368245777854,2.88,38505602550,423561278,1.10%
2024-05-23 04:00:09,g++,g++ (GCC) 13.2.1 20240417,-O2,,"-std=c++2b -DSERIAL -ltbb","AMD Ryzen 5 2600 Six-Core Processor","full","VMware","7079af1a0f511f50206dc9627910ca108280e98c39d75c465903533b54977fbe",41288,35208,libstdc++,120092,589856,460507173141,513794116,9107822,1.77%,1368245776427,2.97,38505600686,31620142,0.08%
2024-05-23 04:04:14,g++,g++ (GCC) 13.2.1 20240417,-O2,-march=native,"-std=c++2b -DSERIAL -ltbb","AMD Ryzen 5 2600 Six-Core Processor","full","VMware","7079af1a0f511f50206dc9627910ca108280e98c39d75c465903533b54977fbe",41288,35208,libstdc++,120008,589960,459805956677,510192730,8664704,1.70%,1368720873661,2.98,38505599387,31660893,0.08%
2024-05-23 04:08:14,g++,g++ (GCC) 13.2.1 20240417,-O2,-march=native,"-std=c++2b -DSERIAL -ltbb","AMD Ryzen 5 2600 Six-Core Processor","full","VMware","7079af1a0f511f50206dc9627910ca108280e98c39d75c465903533b54977fbe",41288,35208,libstdc++,120062,589964,459704107282,507771931,8403800,1.66%,1368720872610,2.98,38505598384,31638984,0.08%
2024-05-23 04:09:56,g++,g++ (GCC) 13.2.1 20240417,-O3,,"-std=c++2b -DSERIAL -ltbb","AMD Ryzen 5 2600 Six-Core Processor","full","VMware","7079af1a0f511f50206dc9627910ca108280e98c39d75c465903533b54977fbe",71784,67968,libstdc++,48845,589872,186286975213,507629179,8896358,1.75%,507749262419,2.73,7031079331,16392219,0.23%
2024-05-23 04:11:34,g++,g++ (GCC) 13.2.1 20240417,-O3,,"-std=c++2b -DSERIAL -ltbb","AMD Ryzen 5 2600 Six-Core Processor","full","VMware","7079af1a0f511f50206dc9627910ca108280e98c39d75c465903533b54977fbe",71784,67968,libstdc++,48802,590016,186280914454,513852991,8838971,1.72%,507749262173,2.73,7031078804,16392698,0.23%
2024-05-23 04:13:16,g++,g++ (GCC) 13.2.1 20240417,-O3,-march=native,"-std=c++2b -DSERIAL -ltbb","AMD Ryzen 5 2600 Six-Core Processor","full","VMware","7079af1a0f511f50206dc9627910ca108280e98c39d75c465903533b54977fbe",71784,67968,libstdc++,48690,589860,186084709715,507503937,8846883,1.74%,507740916820,2.73,7031078973,11402531,0.16%
2024-05-23 04:14:54,g++,g++ (GCC) 13.2.1 20240417,-O3,-march=native,"-std=c++2b -DSERIAL -ltbb","AMD Ryzen 5 2600 Six-Core Processor","full","VMware","7079af1a0f511f50206dc9627910ca108280e98c39d75c465903533b54977fbe",71784,67968,libstdc++,48838,589980,186055552434,505892972,8694619,1.72%,507740917146,2.73,7031079164,11401640,0.16%
2024-05-23 04:30:22,g++,g++ (GCC) 13.2.1 20240417,-Os,,"-std=c++2b -DSERIAL -ltbb","AMD Ryzen 5 2600 Six-Core Processor","full","VMware","7079af1a0f511f50206dc9627910ca108280e98c39d75c465903533b54977fbe",36624,26936,libstdc++,461045,589988,1768744581640,550299834,9308706,1.69%,925786936095,0.52,73143496672,33514800,0.05%
2024-05-23 04:45:47,g++,g++ (GCC) 13.2.1 20240417,-Os,,"-std=c++2b -DSERIAL -ltbb","AMD Ryzen 5 2600 Six-Core Processor","full","VMware","7079af1a0f511f50206dc9627910ca108280e98c39d75c465903533b54977fbe",36624,26936,libstdc++,461144,589932,1768677804091,552352574,9432692,1.71%,925786934949,0.52,73143495378,33526627,0.05%
2024-05-23 05:01:15,g++,g++ (GCC) 13.2.1 20240417,-Os,-march=native,"-std=c++2b -DSERIAL -ltbb","AMD Ryzen 5 2600 Six-Core Processor","full","VMware","7079af1a0f511f50206dc9627910ca108280e98c39d75c465903533b54977fbe",36624,26936,libstdc++,461479,589928,1768698159480,548970746,9345754,1.70%,925786936202,0.52,73143496697,34088175,0.05%
2024-05-23 05:16:39,g++,g++ (GCC) 13.2.1 20240417,-Os,-march=native,"-std=c++2b -DSERIAL -ltbb","AMD Ryzen 5 2600 Six-Core Processor","full","VMware","7079af1a0f511f50206dc9627910ca108280e98c39d75c465903533b54977fbe",36624,26936,libstdc++,461213,589844,1768573131599,550296360,9434851,1.71%,925786933922,0.52,73143494507,33965885,0.05%
2024-05-23 05:24:04,g++,g++ (GCC) 13.2.1 20240417,-Og,,"-std=c++2b -DSERIAL -ltbb","AMD Ryzen 5 2600 Six-Core Processor","full","VMware","7079af1a0f511f50206dc9627910ca108280e98c39d75c465903533b54977fbe",53744,35152,libstdc++,220293,589896,843213079870,533690301,8112066,1.52%,2337450189483,2.77,217377879871,4383141684,2.02%
2024-05-23 05:31:26,g++,g++ (GCC) 13.2.1 20240417,-Og,,"-std=c++2b -DSERIAL -ltbb","AMD Ryzen 5 2600 Six-Core Processor","full","VMware","7079af1a0f511f50206dc9627910ca108280e98c39d75c465903533b54977fbe",53744,35152,libstdc++,220140,589920,845266014776,535661200,8643031,1.61%,2337450190480,2.77,217377881061,4466889418,2.05%
2024-05-23 05:38:47,g++,g++ (GCC) 13.2.1 20240417,-Og,-march=native,"-std=c++2b -DSERIAL -ltbb","AMD Ryzen 5 2600 Six-Core Processor","full","VMware","7079af1a0f511f50206dc9627910ca108280e98c39d75c465903533b54977fbe",53744,35152,libstdc++,218836,589940,834813760096,530551337,9162354,1.73%,2337450187767,2.80,217377877786,4309497475,1.98%
2024-05-23 05:46:04,g++,g++ (GCC) 13.2.1 20240417,-Og,-march=native,"-std=c++2b -DSERIAL -ltbb","AMD Ryzen 5 2600 Six-Core Processor","full","VMware","7079af1a0f511f50206dc9627910ca108280e98c39d75c465903533b54977fbe",53744,35152,libstdc++,218099,589948,836533606640,552208451,8965524,1.62%,2337450189022,2.79,217377879229,4423522088,2.03%
